{"ap": {"0.5": 0.575611412525177, "0.75": 0.2992350459098816, "0.9": 0.018431253731250763}}